phase,metric,baseline_s,chunked_s,delta_s,pct_change
before,itl_p50_s,0.0022697746753692627,0.0022766217589378357,6.847083568572998e-06,0.3016635810979373
during_prefill_proxy,itl_p50_s,0.0005748942494392395,0.0005663754418492317,-8.518807590007782e-06,-1.4818042793639274
after,itl_p50_s,0.0027930671349167824,0.002802658826112747,9.591691195964813e-06,0.3434106927132846
before,itl_p95_s,0.0024253313429653646,0.0024233151227235792,-2.0162202417853964e-06,-0.0831317439422622
during_prefill_proxy,itl_p95_s,0.04828377421945333,0.031328306812793014,-0.01695546740666032,-35.11628426062234
after,itl_p95_s,0.0034921176731586515,0.0034003465436399007,-9.17711295187508e-05,-2.6279506622622772
before,itl_p99_s,0.00260812271386385,0.00262663586065173,1.8513146787879978e-05,0.7098265234787724
during_prefill_proxy,itl_p99_s,0.08037945026531816,0.05259796218946576,-0.0277814880758524,-34.56292371265378
after,itl_p99_s,0.0038955538719892503,0.003902893625199795,7.339753210544586e-06,0.18841359795639454
before,itl_max_s,0.012711158022284508,0.01291714794933796,0.00020598992705345154,1.6205441446980777
during_prefill_proxy,itl_max_s,0.08055904135107994,0.05310542322695255,-0.027453618124127388,-34.07887887404628
after,itl_max_s,0.14556882344186306,0.17256318219006062,0.026994358748197556,18.54405229769443
run,injected_ttft_s,0.28378955088555813,0.26622216403484344,-0.017567386850714684,-6.190286709252013
run,injected_latency_s,0.5245300680398941,0.5080641582608223,-0.016465909779071808,-3.13917366846155
run,aggregate_output_tokens_per_s,1395.2369998724514,1406.8493321201686,11.612332247717177,0.8322838520465515
